时间,类型,操作,累计次数
2026-03-25 22:19:13,短期记忆,自动清理,1
2026-03-25 22:37:06,短期记忆,自动清理,1
2026-03-25 22:47:07,短期记忆,自动清理,2
2026-03-25 22:57:07,短期记忆,自动清理,3
2026-03-25 23:07:07,短期记忆,自动清理,4
2026-03-25 23:17:07,短期记忆,自动清理,5
2026-03-25 23:27:06,长期记忆,自动归档,1
2026-03-25 23:27:07,短期记忆,自动清理,6
2026-03-25 23:37:07,短期记忆,自动清理,7
2026-03-25 23:47:07,短期记忆,自动清理,8
2026-03-25 23:57:07,短期记忆,自动清理,9
2026-03-26 00:07:07,短期记忆,自动清理,10
2026-03-26 00:17:07,短期记忆,自动清理,11
2026-03-26 00:27:07,长期记忆,自动归档,2
2026-03-26 00:27:08,短期记忆,自动清理,12
2026-03-26 00:37:08,短期记忆,自动清理,13
2026-03-26 00:47:08,短期记忆,自动清理,14
2026-03-26 00:57:08,短期记忆,自动清理,15
2026-03-26 01:07:08,短期记忆,自动清理,16
2026-03-26 01:17:08,短期记忆,自动清理,17
2026-03-26 01:27:07,长期记忆,自动归档,3
2026-03-26 01:27:08,短期记忆,自动清理,18
2026-03-26 01:37:08,短期记忆,自动清理,19
2026-03-26 01:47:08,短期记忆,自动清理,20
2026-03-26 01:57:08,短期记忆,自动清理,21
2026-03-26 02:07:09,短期记忆,自动清理,22
2026-03-26 02:17:09,短期记忆,自动清理,23
2026-03-26 02:27:07,长期记忆,自动归档,4
2026-03-26 02:27:09,短期记忆,自动清理,24
2026-03-26 02:37:09,短期记忆,自动清理,25
2026-03-26 02:47:09,短期记忆,自动清理,26
2026-03-26 02:57:09,短期记忆,自动清理,27
2026-03-26 03:07:09,短期记忆,自动清理,28
2026-03-26 03:17:09,短期记忆,自动清理,29
2026-03-26 03:27:07,长期记忆,自动归档,5
2026-03-26 03:27:09,短期记忆,自动清理,30
2026-03-26 03:37:09,短期记忆,自动清理,31
2026-03-26 03:47:09,短期记忆,自动清理,32
2026-03-26 03:57:10,短期记忆,自动清理,33
2026-03-26 04:07:10,短期记忆,自动清理,34
2026-03-26 04:17:10,短期记忆,自动清理,35
2026-03-26 04:27:07,长期记忆,自动归档,6
2026-03-26 04:27:10,短期记忆,自动清理,36
2026-03-26 04:37:10,短期记忆,自动清理,37
2026-03-26 04:47:10,短期记忆,自动清理,38
2026-03-26 04:57:10,短期记忆,自动清理,39
2026-03-26 05:07:10,短期记忆,自动清理,40
2026-03-26 05:17:10,短期记忆,自动清理,41
2026-03-26 05:27:07,长期记忆,自动归档,7
2026-03-26 05:27:10,短期记忆,自动清理,42
2026-03-26 05:37:11,短期记忆,自动清理,43
2026-03-26 05:47:11,短期记忆,自动清理,44
2026-03-26 05:57:11,短期记忆,自动清理,45
2026-03-26 06:07:11,短期记忆,自动清理,46
2026-03-26 06:17:11,短期记忆,自动清理,47
2026-03-26 06:27:07,长期记忆,自动归档,8
2026-03-26 06:27:11,短期记忆,自动清理,48
2026-03-26 06:37:11,短期记忆,自动清理,49
2026-03-26 06:47:11,短期记忆,自动清理,50
2026-03-26 06:57:11,短期记忆,自动清理,51
2026-03-26 07:07:11,短期记忆,自动清理,52
2026-03-26 07:17:11,短期记忆,自动清理,53
2026-03-26 07:27:07,长期记忆,自动归档,9
2026-03-26 07:27:12,短期记忆,自动清理,54
2026-03-26 07:37:12,短期记忆,自动清理,55
2026-03-26 07:47:12,短期记忆,自动清理,56
2026-03-26 07:57:12,短期记忆,自动清理,57
2026-03-26 08:07:12,短期记忆,自动清理,58
2026-03-26 08:17:12,短期记忆,自动清理,59
2026-03-26 08:27:07,长期记忆,自动归档,10
2026-03-26 08:27:12,短期记忆,自动清理,60
2026-03-26 08:37:12,短期记忆,自动清理,61
2026-03-26 08:47:12,短期记忆,自动清理,62
2026-03-26 08:57:12,短期记忆,自动清理,63
2026-03-26 09:07:13,短期记忆,自动清理,64
2026-03-26 09:17:13,短期记忆,自动清理,65
2026-03-26 09:27:07,长期记忆,自动归档,11
2026-03-26 09:27:13,短期记忆,自动清理,66
2026-03-26 09:37:13,短期记忆,自动清理,67
2026-03-26 09:47:13,短期记忆,自动清理,68
2026-03-26 09:57:13,短期记忆,自动清理,69
2026-03-26 10:07:13,短期记忆,自动清理,70
2026-03-26 10:17:13,短期记忆,自动清理,71
2026-03-26 10:27:08,长期记忆,自动归档,12
2026-03-26 10:27:13,短期记忆,自动清理,72
2026-03-26 10:37:13,短期记忆,自动清理,73
2026-03-26 10:47:14,短期记忆,自动清理,74
2026-03-26 10:57:14,短期记忆,自动清理,75
2026-03-26 11:07:14,短期记忆,自动清理,76
2026-03-26 11:17:14,短期记忆,自动清理,77
2026-03-26 11:27:08,长期记忆,自动归档,13
2026-03-26 11:27:14,短期记忆,自动清理,78
2026-03-26 11:37:14,短期记忆,自动清理,79
2026-03-26 11:47:14,短期记忆,自动清理,80
2026-03-26 11:57:14,短期记忆,自动清理,81
2026-03-26 12:07:14,短期记忆,自动清理,82
2026-03-26 12:17:14,短期记忆,自动清理,83
2026-03-26 12:27:08,长期记忆,自动归档,14
2026-03-26 12:27:14,短期记忆,自动清理,84
2026-03-26 12:37:15,短期记忆,自动清理,85
2026-03-26 12:47:15,短期记忆,自动清理,86
2026-03-26 12:57:15,短期记忆,自动清理,87
2026-03-26 13:07:15,短期记忆,自动清理,88
2026-03-26 13:17:15,短期记忆,自动清理,89
2026-03-26 13:27:08,长期记忆,自动归档,15
2026-03-26 13:27:15,短期记忆,自动清理,90
2026-03-26 13:37:15,短期记忆,自动清理,91
2026-03-26 13:47:15,短期记忆,自动清理,92
2026-03-26 13:57:15,短期记忆,自动清理,93
2026-03-26 14:07:15,短期记忆,自动清理,94
2026-03-26 14:17:16,短期记忆,自动清理,95
2026-03-26 14:27:08,长期记忆,自动归档,16
2026-03-26 14:27:16,短期记忆,自动清理,96
2026-03-26 14:37:16,短期记忆,自动清理,97
2026-03-26 14:47:16,短期记忆,自动清理,98
2026-03-26 14:57:16,短期记忆,自动清理,99
2026-03-26 15:07:16,短期记忆,自动清理,100
2026-03-26 15:17:16,短期记忆,自动清理,101
2026-03-26 15:27:08,长期记忆,自动归档,17
2026-03-26 15:27:16,短期记忆,自动清理,102
2026-03-26 15:37:16,短期记忆,自动清理,103
2026-03-26 15:47:16,短期记忆,自动清理,104
2026-03-26 15:57:17,短期记忆,自动清理,105
2026-03-26 16:07:17,短期记忆,自动清理,106
2026-03-26 16:17:17,短期记忆,自动清理,107
2026-03-26 16:27:08,长期记忆,自动归档,18
2026-03-26 16:27:17,短期记忆,自动清理,108
2026-03-26 16:37:17,短期记忆,自动清理,109
2026-03-26 16:47:17,短期记忆,自动清理,110
2026-03-26 16:57:17,短期记忆,自动清理,111
2026-03-26 17:07:17,短期记忆,自动清理,112
2026-03-26 17:17:17,短期记忆,自动清理,113
2026-03-26 17:27:08,长期记忆,自动归档,19
2026-03-26 17:27:17,短期记忆,自动清理,114
2026-03-26 17:37:17,短期记忆,自动清理,115
2026-03-26 17:47:18,短期记忆,自动清理,116
2026-03-26 17:57:18,短期记忆,自动清理,117
2026-03-26 18:07:18,短期记忆,自动清理,118
2026-03-26 18:17:18,短期记忆,自动清理,119
2026-03-26 18:27:08,长期记忆,自动归档,20
2026-03-26 18:27:18,短期记忆,自动清理,120
2026-03-26 18:37:18,短期记忆,自动清理,121
2026-03-26 18:47:18,短期记忆,自动清理,122
2026-03-26 18:57:18,短期记忆,自动清理,123
2026-03-26 19:07:18,短期记忆,自动清理,124
2026-03-26 19:17:18,短期记忆,自动清理,125
2026-03-26 19:27:08,长期记忆,自动归档,21
2026-03-26 19:27:19,短期记忆,自动清理,126
2026-03-26 19:37:19,短期记忆,自动清理,127
2026-03-26 19:47:19,短期记忆,自动清理,128
2026-03-26 19:57:19,短期记忆,自动清理,129
2026-03-26 20:07:19,短期记忆,自动清理,130
2026-03-26 20:17:19,短期记忆,自动清理,131
2026-03-26 20:27:08,长期记忆,自动归档,22
2026-03-26 20:27:19,短期记忆,自动清理,132
2026-03-26 20:37:19,短期记忆,自动清理,133
2026-03-26 20:47:19,短期记忆,自动清理,134
2026-03-26 20:57:19,短期记忆,自动清理,135
2026-03-26 21:07:19,短期记忆,自动清理,136
2026-03-26 21:17:20,短期记忆,自动清理,137
2026-03-26 21:27:09,长期记忆,自动归档,23
2026-03-26 21:27:20,短期记忆,自动清理,138
2026-03-26 21:37:20,短期记忆,自动清理,139
2026-03-26 21:47:20,短期记忆,自动清理,140
2026-03-26 21:57:20,短期记忆,自动清理,141
2026-03-26 22:07:20,短期记忆,自动清理,142
2026-03-26 22:17:20,短期记忆,自动清理,143
